PostNumber,SymptomName,PostLink
1,"['Neuropathy', 'Ache', 'Muscular fasciculation', 'Feeling strange', 'Neurologic Symptoms', 'Fatigue', 'Has tingling sensation', 'Myalgia', 'Weakness', 'Tremor', 'nan', 'nan', 'nan', 'nan', 'nan', 'nan', 'nan']",https://patient.info//forums/discuss/i-ve-had-loads-of-neurological-symptoms-since-covid-anyone-had-the-same--756542
2,"['Ache', 'Diarrhea', 'Headache', 'Weakness', 'Syncope', 'Cold sweat', 'Pain', 'nan']",https://patient.info//forums/discuss/covid-symptoms-753523
3,"['Communicable Diseases', 'Fish-Eye Disease', 'Coronavirus Infections', 'Excessive tearing', 'Anorexia', 'Gastroparesis', 'asthma with copd', 'Other viral diseases NOS', 'Asthma', 'Secondary Infections', 'Recurrent disease', 'Gray Platelet Syndrome', 'Oral Ulcer', 'BESTROPHINOPATHY, AUTOSOMAL RECESSIVE', 'Gastroesophageal reflux disease', 'Pneumonia', 'Pharyngitis', 'Common Cold', 'Influenza', 'Narcolepsy', 'Bacterial Infections', 'Xerostomia', 'Neuropathy', 'Tennis Elbow', 'Deglutition Disorders', 'Malnutrition', 'Disease', 'Seizures', 'Diarrhea', 'Feeling nervous', 'Fatigue', 'Burning sensation', 'Headache', 'Flushing', 'Pain', 'Muscle Cramp', 'Breathing abnormally deep', 'Exhaustion', 'Numbness', 'Neck Pain', 'Neurologic Symptoms', 'Feeling Cold', 'Nausea', 'Has tingling sensation', 'Coughing', 'Sharp pain', 'Nightmares', 'Ache', 'Chest Pain', 'Tired', 'BODY ACHE', 'Overweight', 'Myalgia', 'Syncope', 'Back Pain', 'Nervousness', 'Illness (finding)', 'Difficulty sleeping', 'Hunger', 'Dizziness', 'Sore Throat', 'Dry cough', 'Weakness', 'Lethargy', 'Hot flushes', 'Dyspnea', 'Chills', 'Sore to touch', 'nan', 'nan', 'nan', 'nan', 'nan', 'nan', 'nan', 'nan', 'nan', 'nan', 'nan', 'nan', 'nan', 'nan', 'nan', 'nan', 'nan', 'nan', 'nan', 'nan', 'nan', 'nan', 'nan', 'nan', 'nan', 'nan', 'nan', 'nan', 'nan', 'nan', 'nan']",https://patient.info//forums/discuss/covid-for-4-weeks-still-bed-ridden-anyone-else-had-prolonged-severe-illness-without-hospitalization-734070
4,"['Coughing', 'Earache', 'Pharyngeal dryness', 'nan', 'nan']",https://patient.info//forums/discuss/painful-mouth-throat-post-covid-756606
5,"['Deep Vein Thrombosis', 'Pain in calf', 'Sensation of warmth', 'Pain', 'nan', 'nan', 'nan', 'nan', 'nan']",https://patient.info//forums/discuss/possible-symptoms-of-dvt-or-just-a-bad-coincidence-756696
6,"['Urinary tract infection', 'Hay fever', 'Influenza', 'Chronic Obstructive Airway Disease', 'Pityriasis Rosea', 'Septicemia', 'Disease', 'BODY ACHE', 'Tired', 'Exanthema', 'Upset stomach', 'Throat symptom', 'Headache', 'Pain', 'Ageusia', 'Stomach ache', 'Illness (finding)', 'Nausea', 'Hunger', 'Coughing', 'Sharp pain', 'Dyspnea', 'nan', 'nan', 'nan', 'nan', 'nan']",https://patient.info//forums/discuss/tested-positive-on-28th-dec-20-my-symptoms-etc-753995
7,"['Anorexia', 'Ear symptom', 'Fatigue', 'Burning sensation', 'Myalgia', 'Headache', 'Pain', 'Earache', 'Sleeplessness']",https://patient.info//forums/discuss/post-covid-symptoms-756689
8,"['Ageusia', 'Ache', 'Feeling Sick', 'Nausea', 'Headache', 'Coughing', 'Dyspnea']",https://patient.info//forums/discuss/day-10-nausea-and-headache-756678
9,"['Ache', 'Tired', 'Fatigue', 'Pain', 'Arm Pain', 'Sore to touch', 'Chills', 'nan']",https://patient.info//forums/discuss/moderna-2-doses-my-reactions-756664
10,"['Van der Woude syndrome', 'Common Cold', 'Dehydration', 'Fibromyalgia', 'Ache', 'Tired', 'Fatigue', 'Cough with fever', 'Myalgia', 'Headache', 'Weakness', 'Earache', 'spells (neurological symptom)', 'nan', 'nan', 'nan']",https://patient.info//forums/discuss/no-appetite-and-sleeping-all-day-so-so-tired-754115
11,"['Myopathy', 'Coronavirus Infections', 'Muscle Weakness', 'nan', 'nan']",https://patient.info//forums/discuss/cholesterol-on-covid-19-756645
12,"['nan', 'nan', 'nan', 'nan', 'nan']",https://patient.info//forums/discuss/i-wonder-whether-i-am-considered-vaccine-compromised-biontec-moderna--756545
13,"['Communicable Diseases', 'Fatigue', 'nan', 'nan', 'nan', 'nan', 'nan', 'nan', 'nan']",https://patient.info//forums/discuss/oxygen-requirement-has-gone-up-750438
14,"['Ache', 'Feeling Sick', 'Coughing', 'nan']",https://patient.info//forums/discuss/loss-of-smell-and-taste-5-days-after-nasal-congestion-and-a-very-bad-throat--756254
15,"['Disease', 'Seizures', 'Dizziness']",https://patient.info//forums/discuss/permanent-dizzyness-756364
16,"['Ageusia', 'Coughing', 'Nose symptoms', 'nan']",https://patient.info//forums/discuss/loss-of-taste-and-smell-due-to-covid-19-756317
17,"['Chronic Fatigue Syndrome', 'Allergic disposition', 'Sjogren-Larsson Syndrome', 'Influenza', 'Burning Mouth Syndrome', 'Asthma', 'Urticaria', 'Anaphylaxis (non medication)', 'Pruritus', 'Burning mouth (sensation)', 'Lip swelling', 'Dyspnea', 'nan', 'nan', 'nan', 'nan', 'nan', 'nan']",https://patient.info//forums/discuss/is-covid-vaccine-safe-for-allergy-sufferers--755730
18,"['Renal carnitine transport defect', 'Common Cold', 'Cyclic neutropenia', 'Seizures', 'side pain', 'Malaise', 'Fatigue', 'Headache', 'Blood in stool', 'Rhinorrhea', 'Ageusia', 'Constipation', 'Nausea', 'Hunger', 'Abdominal bloating', 'Congestion of throat', 'Weakness', 'Coughing', 'nan', 'nan', 'nan', 'nan', 'nan', 'nan', 'nan']",https://patient.info//forums/discuss/covid-positive-with-digestive-system-problems-750183
19,"['Encephalitis', 'Rhinorrhea', 'Headache', 'Coughing']",https://patient.info//forums/discuss/intense-headaches-during-covid-recovery-756195
20,"['Pharyngitis', 'Common Cold', 'Conjunctivitis', 'Acute contagious conjunctivitis', 'Coronavirus Infections', 'Chest Pain', 'BODY ACHE', 'Fatigue', 'Headache', 'Pain', 'Exhaustion', 'Rhinorrhea', 'Arthralgia', 'Nasal congestion (finding)', 'Watery eyes', 'Chest tightness', 'Nausea', 'Sore Throat', 'Weakness', 'Dry cough', 'Coughing', 'Cold sweat', 'Night sweats', 'nan', 'nan', 'nan', 'nan']",https://patient.info//forums/discuss/how-did-your-symptoms-start--753618
21,"['Breathing abnormally deep', 'Dyspnea']",https://patient.info//forums/discuss/how-does-shortness-of-breath-actually-feel-like--756005
22,"['Arthritis', 'Fatigue', 'Myalgia', 'nan']",https://patient.info//forums/discuss/swollen-cracked-tongue-755990
23,"['Coronavirus Infections', 'Chest Pain', 'Coughing', 'Pain', 'Mastodynia']",https://patient.info//forums/discuss/hurts-to-breathe-in-755785
24,"['Communicable Diseases', 'Headache', 'Coughing', 'nan']",https://patient.info//forums/discuss/high-fibrinogen-and-ferritin-levels-with-covid-755814
25,"['Nervousness', 'Clouded consciousness', 'nan', 'nan', 'nan', 'nan']",https://patient.info//forums/discuss/vaccination-centres-unsafe--755424
26,"['Influenza', 'IMMUNODEFICIENCY, COMMON VARIABLE, 10', 'Ache', 'Signs and Symptoms', 'Abdominal Pain', 'Feeling Sick', 'Upset stomach', 'Fatigue', 'Pain', 'Muscle Cramp', 'Mastodynia', 'Exhaustion', 'Feeling of loss of feeling', 'Ageusia', 'Stomach ache', 'Illness (finding)', 'Constipation', 'Chest tightness', 'Nausea', 'Dizziness', 'Has tingling sensation', 'Coughing', 'Stomach cramps (finding)', 'Fatigue - symptom', 'Sore to touch', 'nan', 'nan', 'nan', 'nan', 'nan', 'nan', 'nan']",https://patient.info//forums/discuss/lingering-symptoms-after-3-weeks-stomach-pains-nausea-753889
27,"['flu symptoms', 'Tension Headache', 'Common Cold', 'Staring', 'cold symptoms', 'Influenza', 'Dysosmia', 'Anosmia', 'Feeling Sick', 'taste sour', 'Headache', 'Syncope', 'Dyspnea', 'nan', 'nan', 'nan']",https://patient.info//forums/discuss/post-covid-odd-smells-and-tastes-753797
28,"['Communicable Diseases', 'Pharyngitis', 'Nasal congestion (finding)', 'Sore Throat', 'Headache', 'Coughing', 'Breathing abnormally deep', 'nan', 'nan', 'nan', 'nan']",https://patient.info//forums/discuss/elevated-heart-rate-with-possible-covid-dangerous--755416
29,"['Communicable Diseases', 'Infection of kidney', 'Ache', 'Dizziness', 'Headache', 'Syncope', 'Back Pain', 'Pain', 'nan', 'nan', 'nan']",https://patient.info//forums/discuss/kidney-infection-755255
30,"['Communicable Diseases', 'BODY ACHE', 'Exanthema', 'Dizziness', 'Coughing', 'nan', 'nan', 'nan']",https://patient.info//forums/discuss/mom-positive-with-covid-brain-fog-memory-issues-750695
31,"['BODY ACHE', 'out (of) breath', 'Dizziness', 'Weakness', 'Headache', 'nan']",https://patient.info//forums/discuss/dizziness-and-body-aches-help--754367
32,"['Urticaria', 'BODY ACHE', 'Sore Throat', 'Dizziness', 'Mastodynia', 'nan', 'nan']",https://patient.info//forums/discuss/10-months-after-having-covid-and-still-ill-752301
33,"['Pharyngitis', 'Asthenopia', 'Sore eye', 'Tired', 'Pain', 'Tremor', 'Chest pressure', 'Arthralgia', 'Anosmia', 'Sore Throat', 'Pruritus', 'Throbbing Headache', 'Coughing', 'Dyspnea', 'Sore to touch', 'nan', 'nan', 'nan', 'nan', 'nan']",https://patient.info//forums/discuss/tested-negative-but-post-test-symptoms-got-worse-755304
34,"['Coronavirus Infections', 'Lower respiratory tract infection', 'Rhinorrhea', 'Ache', 'Burning sensation in eye', 'Watery eyes', 'Fatigue', 'Pruritus', 'Burning sensation', 'Catch - Finding of sensory dimension of pain', 'Headache', 'Coughing', 'Sore to touch', 'nan', 'nan', 'nan', 'nan', 'nan', 'nan']",https://patient.info//forums/discuss/just-tested-positive-754268
35,"['Hypertensive disease', 'Diabetes Mellitus', 'nan', 'nan', 'nan']",https://patient.info//forums/discuss/i-have-mental-disorder-after-covid-19-for-first-time-is-anyone-had-the-same-and-how-can-l-help-myself--755053
36,"['Constipation', 'Feeling Sick', 'Nausea']",https://patient.info//forums/discuss/feeling-sick-and-shakes-after-eating-755216
37,"['Anorexia', 'Ataxia Telangiectasia', 'Gastroesophageal reflux disease', 'Fish-Eye Disease', 'Pharyngitis', 'Pneumonia', 'Xerostomia', 'Lower respiratory tract infection', 'Heartburn', 'Diarrhea', 'Chest Pain', 'Tired', 'Abdominal Pain', 'Severe diarrhea', 'Burning sensation', 'Pain', 'Stomach ache', 'Nausea', 'Abdominal bloating', 'Sore Throat', 'Eructation', 'Sore to touch', 'Dyspnea', 'nan', 'nan', 'nan', 'nan', 'nan', 'nan', 'nan', 'nan', 'nan', 'nan', 'nan', 'nan', 'nan']",https://patient.info//forums/discuss/anyone-get-terrible-acid-reflux-after-having-covid--750660
38,"['Gastroesophageal reflux disease', 'Common Cold', 'Tired', 'Fatigue', 'Myalgia', 'Pain', 'feeling dizzy', 'Mastodynia', 'Nausea', 'Vertigo', 'feeling like vomiting', 'Dizziness', 'Hot flushes', 'Depressed - symptom', 'Night sweats', 'Chills', 'Dyspnea', 'nan', 'nan', 'nan', 'nan', 'nan', 'nan']",https://patient.info//forums/discuss/finally-negative-symptoms-still-lingering--753713
39,"['Parkinsonian Disorders', 'Parkinson Disease', 'nan', 'nan']",https://patient.info//forums/discuss/parkinsonism-and-covid-19-754778
40,"['Migraine Disorders', 'Sinusitis', 'Prediabetes syndrome', 'Communicable Diseases', 'Gastroesophageal reflux disease', 'Pharyngitis', 'Fish-Eye Disease', 'Pneumonia', 'Conjunctivitis', 'Tonsillitis', 'Coronavirus Infections', 'Vitamin Deficiency', 'Autoimmune Diseases', 'Recurrent disease', 'Malnutrition', 'Disease', 'Seizures', 'Diarrhea', 'Exanthema', 'Fatigue', 'Burning sensation', 'Pain', 'Breathing abnormally deep', 'spells (neurological symptom)', 'Anosmia', 'Neck Pain', 'Nausea', 'Influenza-like symptoms', 'lump in throat', 'Earache', 'Arm Pain', 'Clouded consciousness', 'Chest Pain', 'out (of) breath', 'headache severe', 'Upset stomach', 'Back Pain', 'Tremor', 'Prickling sensation', 'Nasal congestion (finding)', 'Sore Throat', 'chest heaviness', 'skin color change', 'digestive problem', 'Signs and Symptoms', 'Glossalgia', 'Headache', 'Stinging Sensation', 'Skin symptom', 'Nose symptoms', 'Chest pressure', 'Exhaustion', 'Arthralgia', 'swollen glands in neck', 'Stomach ache', 'Has tingling sensation', 'Coughing', 'Pharyngeal dryness', 'Upper back pain', 'Ache', 'BODY ACHE', 'Myalgia', 'Rhinorrhea', 'Difficulty sleeping', 'Chest tightness', 'Dizziness', 'Weakness', 'Depressed - symptom', 'Frontal headache', 'Dyspnea', 'Sore to touch', 'Chills', 'Hoarseness', 'nan', 'nan', 'nan', 'nan', 'nan', 'nan', 'nan', 'nan', 'nan', 'nan', 'nan', 'nan', 'nan', 'nan', 'nan', 'nan', 'nan', 'nan', 'nan', 'nan', 'nan', 'nan', 'nan', 'nan', 'nan', 'nan']",https://patient.info//forums/discuss/covid-9-symptoms-for-9-weeks-737081
41,"['Diarrhea', 'Coughing', 'Sleeplessness', 'nan', 'nan', 'nan']",https://patient.info//forums/discuss/someone-please-help-me--754706
42,"['Prurigo', 'Exanthema', 'Pruritus', 'Muscle Cramp', 'nan', 'nan']",https://patient.info//forums/discuss/covid-19-rash-4-weeks-later-754432
43,"['Cerebrovascular accident', 'Urinary tract infection', 'nan', 'nan']",https://patient.info//forums/discuss/please-look-i-believe-my-mom-is-a-long-hauler-any-advice-or-comments-appreciated-754666
44,"['Severe Acute Respiratory Syndrome', 'Clouded consciousness']",https://patient.info//forums/discuss/test-postive-754634
45,"['Pneumonia', 'Tired', 'taste sweet', 'Weakness', 'nan']",https://patient.info//forums/discuss/covid-anosmia-no-smell-or-taste--752925
46,"['Communicable Diseases', 'nan', 'nan', 'nan']",https://patient.info//forums/discuss/positive-pcr-test-v-negative-lft-test-754269
47,"['Stomach ache', 'Exanthema', 'Pins and needles', 'Headache', 'Coughing', 'nan', 'nan', 'nan']",https://patient.info//forums/discuss/dexamethasone-side-effects-754446
48,"['Morning headache', 'Headache']",https://patient.info//forums/discuss/covid-headaches-754325
49,"['BODY ACHE', 'Fatigue', 'Pain', 'Dyspnea', 'Vascular Diseases', 'Lung Diseases, Obstructive', 'BODY PAIN', 'Fatigue', 'Pain', 'Dyspnea', 'nan']",https://patient.info//forums/discuss/symptoms-after-9-days--754094
50,"['Communicable Diseases', 'Anosmia', 'Coughing', 'nan', 'nan', 'nan', 'nan']",https://patient.info//forums/discuss/contact-and-intimacy-after-covid-754170
51,"['Infectious disease of lung', ""Little's Disease"", 'Lung Diseases, Obstructive', 'Coughing', 'nan', 'nan', 'nan', 'nan']",https://patient.info//forums/discuss/covid-fever-for-13-straight-days--754155
52,"['Subacute thyroiditis', 'Deep Vein Thrombosis', 'Lung Diseases, Obstructive', 'Exhaustion', 'nan', 'nan', 'nan']",https://patient.info//forums/discuss/medical-industry-covid-753918
53,"['Gonorrhea', 'Geroderma osteodysplastica', 'Hamman-Rich syndrome', 'Hepatorenal Syndrome', 'nan', 'nan']",https://patient.info//forums/discuss/brother-iterminal-i-ll-with-cancer-can-i-visit-in-lockdown-s-753765
54,"['Gastroesophageal reflux disease', 'Nausea', 'Abdominal bloating', 'nan', 'nan', 'nan']",https://patient.info//forums/discuss/gastroenteritis-753678
55,"['cold symptoms', 'Lung Diseases, Obstructive', 'Coughing', 'nan', 'nan', 'nan', 'nan', 'nan', 'nan']",https://patient.info//forums/discuss/overwhelming-anxiety-from-covid-news-articles-753768
56,"['Rib pain', 'Dyspnea', 'nan']",https://patient.info//forums/discuss/long-covid-rib-and-shoulder-pain-does-anyone-have-this-symptom-thanks-753777
57,"['Malignant hyperpyrexia due to anesthesia', 'Nausea', 'Asthenia']",https://patient.info//forums/discuss/should-my-mother-do-second-vaccine--753659
58,"['Algoneurodystrophy', 'Exanthema', 'Dyssomnias', 'Lung Diseases, Obstructive', 'Hypotrichosis simplex', 'Acute gastroenteritis', 'Nausea', 'Pruritus', 'nan', 'nan']",https://patient.info//forums/discuss/covid-still-hanging-on--753740
59,"['Dandy-Walker Syndrome', 'BODY PAIN', 'out (of) breath', 'Dizziness', 'Headache', 'Asthenia']",https://patient.info//forums/discuss/12-weeks-out-and-i-m-dizzy-and-help--753702
60,"['Gonorrhea', 'Geroderma osteodysplastica', ""Little's Disease"", 'Coronavirus Infections', 'Muscular fasciculation', 'Muscle twitch', 'nan', 'nan', 'nan', 'nan', 'nan']",https://patient.info//forums/discuss/muscle-twitching-after-covid--753669
61,"['Gonorrhea', 'Geroderma osteodysplastica', 'nan', 'nan', 'nan']",https://patient.info//forums/discuss/should-i-isolate--753612
62,"['Gonorrhea', 'Geroderma osteodysplastica', 'Punctate inner choroidopathy', 'Hay fever', 'Pharyngitis', 'Exanthema', 'Skin Diseases, Infectious', 'Dermatitis', 'Rhinorrhea', 'Nausea', 'Sore mouth', 'Sore Throat', 'Pruritus', 'red blotches', 'Coughing', 'Pain', 'Nervousness', 'Burning feet', 'Erythema', 'nan', 'nan', 'nan', 'nan', 'nan', 'nan', 'nan', 'nan', 'nan', 'nan', 'nan', 'nan']",https://patient.info//forums/discuss/red-skin-marks-752844
63,"['Multi-infarct dementia', 'Gonorrhea', 'Geroderma osteodysplastica', 'Hypertensive disease', 'Amyotrophic Lateral Sclerosis, Sporadic', 'POPLITEAL PTERYGIUM SYNDROME, LETHAL TYPE', 'CONOTRUNCAL ANOMALY FACE SYNDROME', 'Disease', 'Chest Pain', 'Ache', 'Chest tightness', 'Pain in left shoulder', 'Pain', 'Arm Pain', 'Dyspnea', 'nan', 'nan', 'nan', 'nan', 'nan', 'nan', 'nan', 'nan', 'nan', 'nan', 'nan', 'nan', 'nan']",https://patient.info//forums/discuss/chest-pain-for-10-days-751407
64,"['Gonorrhea', 'Geroderma osteodysplastica', ""Little's Disease"", 'Carpal Tunnel Syndrome', 'BODY PAIN', 'Slow respiration', 'Pain', 'Breathing abnormally deep', 'nan', 'nan', 'nan', 'nan', 'nan', 'nan', 'nan']",https://patient.info//forums/discuss/38-with-covid-i-m-scared-to-death-751864
65,"[""Little's Disease"", 'Diarrhea', 'Vomiting', 'BODY PAIN', 'Posterior rhinorrhea', 'Fatigue', 'Burning sensation', 'Headache', 'Throat irritation', 'Pain', 'Nasal congestion (finding)', 'Nausea', 'Has tingling sensation', 'Coughing', 'nan', 'nan']",https://patient.info//forums/discuss/did-anyone-experience-these-symptoms-while-infected--753425
66,"['Testicular regression syndrome', 'nan']",https://patient.info//forums/discuss/covid-advice-work-related-help-please-753593
67,"['Gonorrhea', 'Geroderma osteodysplastica', 'Lung Diseases, Obstructive', 'nan', 'nan']",https://patient.info//forums/discuss/covid-please-help-753502
68,"['Gonorrhea', 'Geroderma osteodysplastica', 'Common Cold', 'Influenza', 'SHORT STATURE, IDIOPATHIC, X-LINKED', 'Acute gastroenteritis', 'Disease', 'Anosmia', 'Signs and Symptoms', 'Coughing', 'nan', 'nan', 'nan']",https://patient.info//forums/discuss/covid-752791
69,"['Gonorrhea', 'Geroderma osteodysplastica', 'Acute gastroenteritis', 'Coughing', 'Dyspnea']",https://patient.info//forums/discuss/covid-19-day-12-and-still-having-a-fever-753343
70,"['nan', 'nan']",https://patient.info//forums/discuss/covid-vaccination-and-alcohol-753382
71,"['Gonorrhea', 'Geroderma osteodysplastica', 'PREMATURE CHROMATID SEPARATION TRAIT', 'Gray Platelet Syndrome', 'nan', 'nan', 'nan', 'nan']",https://patient.info//forums/discuss/preventing-covid-19-separation-not-just-isolation-753341
72,"['Testicular regression syndrome', 'nan']",https://patient.info//forums/discuss/lack-of-information-from-the-government-and-the-nhs-753261
73,"['Rheumatoid Arthritis', 'Duane Retraction Syndrome', 'Pneumonia', 'Bronchitis', 'Diabetic Retinopathy', 'Acute gastroenteritis', 'Gray Platelet Syndrome', 'nan', 'nan', 'nan']",https://patient.info//forums/discuss/wrong-covid-vaccination-group-753250
74,"['Nail-Patella Syndrome', ""Little's Disease"", 'Carpal Tunnel Syndrome', 'Coronavirus Infections', 'Sympathetically independent pain', 'Nervousness', 'nan', 'nan', 'nan', 'nan']",https://patient.info//forums/discuss/no-taste-or-smell-update--753132
75,"['Asthma', 'Coronavirus Infections', 'Multiple Sclerosis', 'Catch - Finding of sensory dimension of pain', 'nan', 'nan', 'nan']",https://patient.info//forums/discuss/a-symptomatic-people-753107
76,"['Arthralgia', 'Asthenia', 'nan']",https://patient.info//forums/discuss/covid-and-strange-feeling-in-arms-and-legs--752983
77,"['Gonorrhea', 'Geroderma osteodysplastica', 'Coronavirus Infections', 'nan', 'nan']",https://patient.info//forums/discuss/contact-worry-752963
78,"['Actual Inability To Taste', 'Productive cough', 'BODY PAIN', 'nan', 'nan', 'nan']",https://patient.info//forums/discuss/covid-19-752939
79,"['PREMATURE CHROMATID SEPARATION TRAIT', 'Anosmia', 'nan', 'nan']",https://patient.info//forums/discuss/covid-experience-loss-of-smell-752930
80,"['Lung Diseases, Obstructive', 'nan', 'nan', 'nan', 'nan']",https://patient.info//forums/discuss/covid-guilt-at-passing-it-on--752614
81,"['Gonorrhea', 'Geroderma osteodysplastica', 'Coughing', 'nan', 'nan']",https://patient.info//forums/discuss/does-this-sound-like-covid-752762
82,"['Gonorrhea', 'Geroderma osteodysplastica', ""Little's Disease"", 'Common Cold', 'Papillon-Lefevre Disease', 'Coronavirus Infections', 'Disease', 'nan', 'nan', 'nan']",https://patient.info//forums/discuss/please-i-need-reassurance-or-anything-752738
83,"['Lung Diseases, Obstructive', 'Nausea', 'Coughing', 'Mastodynia', 'Sore to touch', 'nan']",https://patient.info//forums/discuss/i-tested-positive-for-covid-please-help-752696
84,"['Hypertensive disease', 'Diabetes Mellitus', 'Coffin-Siris syndrome', 'Disease', 'nan']",https://patient.info//forums/discuss/taking-a-leave-of-absence-from-work-causes-firing-to-happen--752679
85,"['Gonorrhea', 'Geroderma osteodysplastica', 'Sexually Transmitted Diseases', 'Premenstrual syndrome', 'Lung Diseases, Obstructive', 'Acute gastroenteritis', 'Seizures', 'Mass of body region', 'Coughing', 'nan', 'nan', 'nan', 'nan']",https://patient.info//forums/discuss/help-could-i-have-been-exposed-to-covid--752659
86,"['Hypotrichosis simplex', 'nan', 'nan']",https://patient.info//forums/discuss/loss-of-smell-and-taste-752616
87,"['Gonorrhea', 'Geroderma osteodysplastica', 'Lung Diseases, Obstructive', 'nan', 'nan', 'nan']",https://patient.info//forums/discuss/covid-self-isolating-employer-being-awkward-750338
88,"['Gonorrhea', 'Geroderma osteodysplastica', 'Testicular regression syndrome', 'nan', 'nan', 'nan', 'nan']",https://patient.info//forums/discuss/should-i-isolate--752535
89,"['Gonorrhea', 'Geroderma osteodysplastica', 'nan']",https://patient.info//forums/discuss/support-bubbl-752028
90,"['Gonorrhea', 'Geroderma osteodysplastica', 'Sexually Transmitted Diseases', ""Little's Disease"", 'SHORT STATURE, IDIOPATHIC, X-LINKED', 'Lung Diseases, Obstructive', 'Anosmia', 'Dry cough', 'Chest pressure', 'nan', 'nan', 'nan', 'nan']",https://patient.info//forums/discuss/chest-pressure-752388
91,"['Hypertensive disease', 'Gonorrhea', 'Geroderma osteodysplastica', 'Diabetes Mellitus', 'Chronic Obstructive Airway Disease', 'Congestive heart failure', 'Disease', 'nan', 'nan', 'nan', 'nan', 'nan', 'nan']",https://patient.info//forums/discuss/is-visiting-family-for-christmas-risky--751561
92,"['slight fever', 'nan']",https://patient.info//forums/discuss/day-9-with-covid-and-i-can-not-stop-sweating--751791
93,"['Gonorrhea', 'Geroderma osteodysplastica', 'Common Cold', 'Reflex Sympathetic Dystrophy', 'Motion Sickness', 'Rhinorrhea', 'Throat symptom', 'Coughing', 'Nose symptoms', 'nan', 'nan', 'nan', 'nan', 'nan']",https://patient.info//forums/discuss/-could-these-symptoms-be-long-covid-752083
94,"['Migraine Disorders', 'Gonorrhea', 'Geroderma osteodysplastica', 'Influenza', 'Coughing', 'nan', 'nan', 'nan', 'nan']",https://patient.info//forums/discuss/recently-diagnosed--752061
95,"['Gonorrhea', 'Geroderma osteodysplastica', 'Sexually Transmitted Diseases', 'Pharyngitis', 'Influenza', 'PREMATURE CHROMATID SEPARATION TRAIT', 'Coronavirus Infections', 'Disease', 'Ache', 'BODY PAIN', 'Fatigue', 'Sore Throat', 'Pain of lymph node', 'Pain', 'nan', 'nan', 'nan', 'nan', 'nan', 'nan']",https://patient.info//forums/discuss/maybe-a-weird-question-but-can-covid-have-std-like-symptoms--752059
96,"['Gonorrhea', 'Geroderma osteodysplastica', 'Pharyngitis', 'Nasal congestion (finding)', 'BODY PAIN', 'Signs and Symptoms', 'Fatigue', 'Pain in right hand', 'Sore Throat', 'Headache', 'nan', 'nan', 'nan', 'nan', 'nan', 'nan']",https://patient.info//forums/discuss/mild-covid-19-symptoms-will-they-get-worse-i-m-on-day-5--751549
97,"[""Little's Disease"", 'Tonsillitis', 'Anosmia', 'Nasal congestion (finding)', 'Chest Pain', 'Upset stomach', 'Sore Throat', 'Dizziness', 'Headache', 'Chest pressure', 'Dyspnea', 'nan', 'nan', 'nan']",https://patient.info//forums/discuss/covid-symptoms-dragging-on-752041
98,"['Gonorrhea', 'Geroderma osteodysplastica', 'sick to stomach', 'nan', 'nan']",https://patient.info//forums/discuss/carl-vernon-youtube-channel-751839
99,"['Gonorrhea', 'Geroderma osteodysplastica', 'PROGRESSIVE ENCEPHALOMYELITIS WITH RIGIDITY', 'nan', 'nan', 'nan', 'nan', 'nan']",https://patient.info//forums/discuss/covid-vaccine-and-immunity-751715
100,"['Eye Infections', 'Tired', 'Headache']",https://patient.info//forums/discuss/covid-19-symptoms-fever-751514
101,"['Lung Diseases, Obstructive', 'Diarrhea', 'Myalgia']",https://patient.info//forums/discuss/digestion-symptoms-751493
102,"['Gonorrhea', 'Geroderma osteodysplastica', 'Sinusitis', ""Little's Disease"", 'Reflex Sympathetic Dystrophy', 'Headache', 'Coughing', 'Pain', 'nan', 'nan', 'nan', 'nan', 'nan', 'nan', 'nan', 'nan', 'nan', 'nan', 'nan']",https://patient.info//forums/discuss/covid-19-prolonged-fever-735964
103,"['Gonorrhea', 'Geroderma osteodysplastica', 'Occipital Lobe Epilepsy', 'Sexually Transmitted Diseases', 'Pelvic Organ Prolapse', 'Chronic Obstructive Airway Disease', 'Reflex Sympathetic Dystrophy', 'Myasthenia Gravis, Ocular', 'Nasal congestion (finding)', 'BODY PAIN', 'Pain, Postoperative', 'Fatigue', 'Burning sensation', 'Headache', 'nan', 'nan', 'nan', 'nan', 'nan', 'nan', 'nan', 'nan', 'nan']",https://patient.info//forums/discuss/still-got-a-fever-i-do--740453
104,"['Alcoholic ketoacidosis', 'Sinusitis', 'Gonorrhea', 'Geroderma osteodysplastica', 'Multi-infarct dementia', ""Little's Disease"", 'Hypercholesterolemia', 'Dental caries', 'Temporal headache', 'Coughing', 'Asthenia', 'nan', 'nan', 'nan', 'nan', 'nan', 'nan', 'nan']",https://patient.info//forums/discuss/fever-in-mild-cases-of-covid-19-741805
105,"['Gonorrhea', 'Geroderma osteodysplastica', 'Sinusitis', 'Coffin-Siris syndrome', 'Reflex Sympathetic Dystrophy', 'Temporal headache', 'Burning sensation', 'Headache', 'Coughing', 'nan', 'nan', 'nan', 'nan', 'nan']",https://patient.info//forums/discuss/covid-and-relentless-low-grade-fever-anyone--751466
106,"['Gonorrhea', 'Geroderma osteodysplastica', 'Idiopathic Multicentric Osteolyses', 'Pharyngitis', 'Common Cold', 'Reflex Sympathetic Dystrophy', 'Lung diseases', 'Seizures', 'Diarrhea', 'Ache', 'BODY PAIN', 'Headache Severe', 'Abdominal Pain', 'Severe diarrhea', 'Upset stomach', 'Fatigue', 'Headache', 'Muscle Cramp', 'Pain', 'Stomach ache', 'gastrointestinal gas', 'Diarrhea, watery', 'Nausea', 'Hunger', 'Abdominal bloating', 'Sore Throat', 'Dizziness', 'Digestive symptom', 'Coughing', 'Chills', 'nan', 'nan', 'nan', 'nan', 'nan', 'nan', 'nan', 'nan', 'nan', 'nan', 'nan']",https://patient.info//forums/discuss/gastric-symptoms-covid-19-741189
107,"['Lung Diseases, Obstructive', 'Acute gastroenteritis', 'nan', 'nan', 'nan', 'nan', 'nan', 'nan']",https://patient.info//forums/discuss/work-travel-question-can-you-have-the-pfizer-moderna-vaccine-if-you-ve-had-the-astrazeneca-before--751342
108,"['nan', 'nan', 'nan']",https://patient.info//forums/discuss/covid-app-alert-751311
109,"['Lung Diseases, Obstructive', 'Actual Inability To Taste', 'Chest Pain', 'Chest tightness', 'Myalgia', 'Headache', 'Coughing', 'Back Pain', 'Exhaustion', 'nan', 'nan', 'nan', 'nan', 'nan', 'nan', 'nan', 'nan']",https://patient.info//forums/discuss/wk-3-racing-heart-and-pins-and-needles--750502
110,"['Gonorrhea', 'Geroderma osteodysplastica', 'Infectious disease of lung', ""Little's Disease"", 'Fish-Eye Disease', 'Common Cold', 'Testicular regression syndrome', 'Chest Pain', 'Ache', 'Tired', 'Spasm', 'Fatigue', 'Left sided chest pain', 'Headache', 'Back Pain', 'Pain', 'Rhinorrhea', 'Actual Inability To Taste', 'Neck Pain', 'Dry cough', 'Coughing', 'Asthenia', 'Arm Pain', 'Sore to touch', 'nan', 'nan', 'nan', 'nan', 'nan', 'nan', 'nan', 'nan', 'nan', 'nan', 'nan', 'nan', 'nan']",https://patient.info//forums/discuss/positive-covid-test-scared-749831
111,"['Gonorrhea', 'Geroderma osteodysplastica', 'Allergic disposition', 'WILSON-TURNER X-LINKED MENTAL RETARDATION SYNDROME', 'Subacute thyroiditis', ""Little's Disease"", 'Van der Woude syndrome', 'Asthma', 'Coronavirus Infections', 'Seizures', 'Abnormal heart beat', 'Chest Pain', 'Ache', 'Tired', 'Muscular stiffness', 'Weight symptom (finding)', 'Fatigue', 'Headache', 'Syncope', 'Pain', 'Mastodynia', 'Breathing abnormally deep', 'Other symptoms', 'Constipation', 'Chest tightness', 'Coughing', 'Asthenia', 'Arm Pain', 'Dyspnea', 'Sore to touch', 'nan', 'nan', 'nan', 'nan', 'nan', 'nan', 'nan', 'nan', 'nan', 'nan', 'nan', 'nan', 'nan', 'nan', 'nan', 'nan', 'nan']",https://patient.info//forums/discuss/coronavirus-week-9-are-there-people-like-me--750249
112,"['Papillon-Lefevre Disease', 'Coughing', 'Dyspnea', 'nan']",https://patient.info//forums/discuss/will-donating-plasma-put-me-at-risk-of-getting-covid-19-again--750761
113,"['Hypertensive disease', 'Gonorrhea', 'Geroderma osteodysplastica', 'Diabetes Mellitus', 'Lung Diseases, Obstructive', 'nan', 'nan', 'nan', 'nan']",https://patient.info//forums/discuss/my-mom-and-coronavirus-750634
114,"['Nausea', 'Myalgia', 'Back Pain', 'nan']",https://patient.info//forums/discuss/covid-after-symptoms-750554
115,"['Alpha trait thalassemia', 'Lung Diseases, Obstructive']",https://patient.info//forums/discuss/how-can-i-get-in-line-with-those-who-will-get-the-covid-vaccine-first--750547
116,"['Gonorrhea', 'Geroderma osteodysplastica', 'Acute gastroenteritis', 'Disease', 'Gray Platelet Syndrome', 'nan']",https://patient.info//forums/discuss/covid-3rd-day-750271
117,"['Gonorrhea', 'Geroderma osteodysplastica', 'flu symptoms', 'Common Cold', 'Reflex Sympathetic Dystrophy', 'Actual Inability To Taste', 'Anosmia', 'Ache', 'Nasal congestion (finding)', 'Loose stool', 'Headache', 'Coughing', 'Pain', 'Asthenia', 'Dyspnea', 'nan', 'nan', 'nan', 'nan', 'nan', 'nan', 'nan', 'nan']",https://patient.info//forums/discuss/covid-19-day-9-747856
118,"['Pneumonia', 'nan']",https://patient.info//forums/discuss/how-long-oxygen-at-home-after-hospitalization-what-is-pulse-ox--750400
119,"['Neonatal hemochromatosis', 'cold symptoms', 'PROGRESSIVE ENCEPHALOMYELITIS WITH RIGIDITY', 'Coughing', 'nan']",https://patient.info//forums/discuss/day-9-so-far-so-good-750296
120,"['Gonorrhea', 'Geroderma osteodysplastica', 'Pharyngitis', ""Little's Disease"", 'Sore Throat', 'Asthenia', 'Chest discomfort', 'Dyspnea', 'nan', 'nan', 'nan']",https://patient.info//forums/discuss/discomfort-in-chest-after-using-pillow-or-elevated-support-around-the-neck-1-month-since-symptoms--750308
121,"['Reflex Sympathetic Dystrophy', 'SHORT STATURE, ONYCHODYSPLASIA, FACIAL DYSMORPHISM, AND HYPOTRICHOSIS SYNDROME', 'Chest Pain', 'Nausea', 'Fatigue', 'Has tingling sensation', 'Dry cough', 'Headache', 'Night sweats', 'Clouded consciousness', 'Dyspnea', 'nan', 'nan', 'nan', 'nan', 'nan', 'nan', 'nan', 'nan', 'nan', 'nan']",https://patient.info//forums/discuss/strange-covid-insomnia-749816
122,"['Confluent and Reticulate Papillomatosis', 'Wolf-Hirschhorn Syndrome', 'Fibrillary glomerulonephritis', 'Headache', 'Coughing', 'Asthenia', 'nan', 'nan']",https://patient.info//forums/discuss/wildly-different-recommendations-for-covid-750193
123,"['nan', 'nan', 'nan']",https://patient.info//forums/discuss/recent-covid-and-need-to-travel-in-a-few-weeks-750151
124,"['Tired', 'nan']",https://patient.info//forums/discuss/covid-negative-and-i-m-back-at-the-gym-but-i-went-too-hard-anyone-else-did-the-same--750126
125,"['heart inflammation', 'Chills', 'nan', 'nan']",https://patient.info//forums/discuss/positive-covid-and-worried-about-heart-damage-750106
126,"['Gonorrhea', 'Geroderma osteodysplastica', 'Gasping for breath', 'Nausea', 'Dyspnea', 'nan', 'nan']",https://patient.info//forums/discuss/sleep-issues-with-covid-19-749676
127,"['Pharyngitis', 'Catch - Finding of sensory dimension of pain', 'Sore Throat', 'Burning sensation', 'feeling dizzy', 'nan', 'nan']",https://patient.info//forums/discuss/coronervirus-749970
128,"['flu symptoms', 'furuncle', 'Pharyngitis', 'Common Cold', 'Anosmia', 'Chest tightness', 'Fatigue', 'Dizziness', 'Vertigo', 'Sore Throat', 'Headache', 'Coughing', 'Pain', 'Lightheadedness', 'Sleeplessness', 'nan', 'nan', 'nan', 'nan', 'nan', 'nan', 'nan', 'nan']",https://patient.info//forums/discuss/3-months-on-dizziness-headaches-and-clogged-up-742156
129,"['Coronavirus Infections', 'Seizures', 'nan', 'nan', 'nan', 'nan', 'nan', 'nan']",https://patient.info//forums/discuss/face-masks-don-t-fit--744380
130,"['Pain', 'nan', 'nan', 'nan']",https://patient.info//forums/discuss/covid-chest-flutters-and-anxiety--749854
131,"['Gonorrhea', 'Geroderma osteodysplastica', 'nan', 'nan']",https://patient.info//forums/discuss/exposure-to-covid-19-isolating-at-home-749944
132,"['nan', 'nan', 'nan']",https://patient.info//forums/discuss/negative-covid-pcr-twice-but-severe-symptoms-and-bad-blood-test-749865
133,"['Common Cold', 'Anosmia', 'taste sweet', 'Headache', 'Muscle Cramp', 'Pain', 'Abdominal discomfort', 'nan', 'nan', 'nan', 'nan']",https://patient.info//forums/discuss/covid-symptoms-or-anxiety--747277
134,"['Pharyngitis', 'Common Cold', 'Stomach ache', 'Ache', 'BODY PAIN', 'Sore Throat', 'Myalgia', 'Headache', 'Coughing', 'Asthenia', 'nan', 'nan', 'nan', 'nan', 'nan', 'nan']",https://patient.info//forums/discuss/do-i-have-covid-or-did-i-muscle-ache-and-pain--749155
135,"['Gonorrhea', 'Geroderma osteodysplastica', 'Pharyngitis', 'Hypotrichosis simplex', 'Tired', 'Sore Throat', 'Coughing', 'Dyspnea', 'nan', 'nan']",https://patient.info//forums/discuss/covid-and-shortness-of-breath-749797
136,"['Robinow syndrome, autosomal recessive', 'Common Cold', 'Dizziness', 'Breath symptom', 'Asthenia', 'Hoarseness', 'Dyspnea']",https://patient.info//forums/discuss/covid-shortness-of-breath-and-dropping-oxygen-level--749789
137,"['Gonorrhea', 'Geroderma osteodysplastica', 'Communicable Diseases', 'Confluent and Reticulate Papillomatosis', 'Classical Lissencephaly', 'SHORT STATURE, IDIOPATHIC, X-LINKED', 'Papillon-Lefevre Disease', 'nan', 'nan', 'nan']",https://patient.info//forums/discuss/my-father-has-covid-lung-infection-he-s-been-in-the-hospital-for-more-than-17-days-now--749772
138,"['Acute lower respiratory tract infection', 'Pneumonia', 'Common Cold', 'Lung Diseases, Obstructive', 'Bronchitis', 'Disease', 'Tired', 'Dizziness', 'Myalgia', 'Coughing', 'nan', 'nan']",https://patient.info//forums/discuss/chest-issues-since-pneumonia-in-2019-and-worsen-by-coronavirus-749640
139,"['Gonorrhea', 'Geroderma osteodysplastica', 'Gastroesophageal reflux disease', 'Pharyngitis', 'Sore Throat', 'Coughing', 'Throat irritation', 'Sore to touch', 'nan', 'nan', 'nan', 'nan']",https://patient.info//forums/discuss/mild-sore-throat--749342
140,"['Gastroesophageal reflux disease', 'Actual Inability To Taste', 'Dizziness', 'Vertigo', 'spells (neurological symptom)', 'nan']",https://patient.info//forums/discuss/covid-and-vertigo-749062
141,"['Infantile Neuroaxonal Dystrophy', ""Little's Disease"", 'Lung Diseases, Obstructive', 'nan', 'nan', 'nan', 'nan', 'nan', 'nan', 'nan']",https://patient.info//forums/discuss/son-and-family-visit-from-ireland-749131
142,"['flu symptoms', 'Influenza', 'Coronavirus Infections', 'Influenza-like symptoms', 'Malaise', 'Headache', 'Chills', 'nan', 'nan']",https://patient.info//forums/discuss/covid-19-or-flu--747210
143,"['Gonorrhea', 'Geroderma osteodysplastica', 'Smallpox', ""Little's Disease"", 'Influenza', 'SHORT STATURE, IDIOPATHIC, X-LINKED', 'Lung Diseases, Obstructive', 'Nephritis, Interstitial', 'Age related macular degeneration', 'Aleutian Mink Disease', 'nan', 'nan', 'nan', 'nan', 'nan', 'nan', 'nan']",https://patient.info//forums/discuss/avoiding-those-who-do-not-seem-to-understand--748392
144,"['Gonorrhea', 'Geroderma osteodysplastica', 'Cancer-Associated Retinopathy', 'nan', 'nan', 'nan', 'nan', 'nan', 'nan']",https://patient.info//forums/discuss/covid-transmission-question-748881
145,"['Obesity', 'Sexually Transmitted Diseases', 'Adult Fanconi syndrome', ""Little's Disease"", 'Pneumonia', 'SHORT STATURE, IDIOPATHIC, X-LINKED', 'Hypotrichosis simplex', 'Lung diseases', 'Coronavirus Infections', 'Acute gastroenteritis', 'Gray Platelet Syndrome', 'HEART PROBLEM', 'Asthenia', 'nan', 'nan', 'nan', 'nan']",https://patient.info//forums/discuss/blood-types-and-coronavirus-739077
146,"['Multi-infarct dementia', 'Gonorrhea', 'Geroderma osteodysplastica', 'Anosmia', 'Neurologic Symptoms', 'taste sweet', 'Retching', 'taste salty', 'Sleeplessness', 'nan', 'nan', 'nan', 'nan', 'nan']",https://patient.info//forums/discuss/recovered-from-covid-but-still-experiencing-loss-of-smell-739358
147,"['Gonorrhea', 'Geroderma osteodysplastica', 'Hamman-Rich syndrome', 'Pneumonia', 'Hepatorenal Syndrome', 'Syndrome', 'MUNGAN SYNDROME', 'Upper Extremity Paresis', 'Stomach ache', 'clogged ear', 'Dizziness', 'Burning sensation', 'Abdominal bloating', 'Has tingling sensation', 'Lower Extremity Paresis', 'Asthenia', 'Pain', 'nan', 'nan', 'nan', 'nan', 'nan', 'nan', 'nan', 'nan']",https://patient.info//forums/discuss/several-weeks-past-covid-and-new-tingling-in-hands-and-feet-horrible-muscle-weakness--746817
148,"['Syndrome', 'Paresthesia of hand', 'Fatigue', 'panic symptoms', 'Pain', 'Paresis', 'Has tingling sensation', 'Dry cough', 'Coughing', 'Hot flushes', 'HEAD PRESSURE SENSATION', 'Clouded consciousness', 'Chills', 'Dyspnea', 'nan', 'nan', 'nan', 'nan']",https://patient.info//forums/discuss/covid-19-neurological-symptoms-747941
149,"['Gonorrhea', 'Geroderma osteodysplastica', 'Exanthema', 'Dry cough', 'nan']",https://patient.info//forums/discuss/redspots-747622
150,"['Gonorrhea', 'Geroderma osteodysplastica', 'Common Cold', 'hand rash', 'Hypotrichosis simplex', 'Cat allergy (disorder)', 'Anosmia', 'Nasal congestion (finding)', 'Fatigue', 'Burning sensation', 'Has tingling sensation', 'Dry cough', 'Headache', 'Coughing', 'Lethargy', 'Breathing abnormally deep', 'Exhaustion', 'nan', 'nan', 'nan', 'nan', 'nan', 'nan', 'nan', 'nan']",https://patient.info//forums/discuss/burning-nose-sensation--744101
151,"['Gonorrhea', 'Geroderma osteodysplastica', 'Disease', 'Anosmia', 'Pelvic Pain', 'taste sweet', 'Retching', 'Fatigue', 'nan', 'nan', 'nan']",https://patient.info//forums/discuss/loss-of-smell-and-taste-747172
152,"['nan', 'nan', 'nan', 'nan']",https://patient.info//forums/discuss/nhs-covid-19-app-747411
153,"['Rhinorrhea', 'Malaise', 'Fatigue', 'Headache', 'Coughing', 'nan', 'nan']",https://patient.info//forums/discuss/nose-discomfort-and-loss-of-smell-and-taste-747215
154,"['Gonorrhea', 'Geroderma osteodysplastica', 'Influenza', 'Acute gastroenteritis', 'Actual Inability To Taste', 'Chest Pain', 'Ache', 'taste salty', 'Headache', 'Dry cough', 'Pain', 'Exhaustion', 'nan', 'nan', 'nan', 'nan']",https://patient.info//forums/discuss/covid-19-loss-of-smell-and-taste-734276
155,"['Obesity', 'Diabetes', 'STUVE-WIEDEMANN SYNDROME', 'Dementia, familial Danish', 'Anosmia', 'Stomach ache', 'Actual Inability To Taste', 'Tired', 'out (of) breath', 'taste sweet', 'Fatigue', 'Asthenia', 'nan', 'nan', 'nan', 'nan', 'nan', 'nan', 'nan', 'nan']",https://patient.info//forums/discuss/covid-19-taste-and-smell-issues-735714
156,"['Gonorrhea', 'Geroderma osteodysplastica', 'Temporohyoid osteoarthropathy', 'Anorexia', 'Pharyngitis', 'Reflex Sympathetic Dystrophy', 'Ache', 'Visual disturbance', 'Tired', 'Paresthesia of hand', 'Fatigue', 'Headache', 'Other symptoms', 'swollen glands in neck', 'Anosmia', 'Actual Inability To Taste', 'Nasal congestion (finding)', 'Neurologic Symptoms', 'Sore Throat', 'Dizziness', 'Has tingling sensation', 'Morning headache', 'Blurred vision', 'Frontal headache', 'Dyspnea', 'nan', 'nan', 'nan', 'nan', 'nan', 'nan', 'nan', 'nan', 'nan', 'nan', 'nan', 'nan', 'nan', 'nan']",https://patient.info//forums/discuss/covid19-neurological-symptoms-738606
157,"['Gonorrhea', 'Geroderma osteodysplastica', 'Pneumonia', 'SHORT STATURE, IDIOPATHIC, X-LINKED', 'Asthma', 'Tired', 'Dyspnea', 'nan', 'nan', 'nan', 'nan', 'nan', 'nan', 'nan', 'nan']",https://patient.info//forums/discuss/6-months-in-746424
158,"['Sinusitis', 'Common Cold', 'SHORT STATURE, IDIOPATHIC, X-LINKED', 'Tired', 'Coughing', 'Flushing', 'Asthenia', 'Chills', 'Dyspnea', 'nan', 'nan', 'nan', 'nan']",https://patient.info//forums/discuss/could-i-have-covid--746827
159,"['Allergic disposition', 'Common Cold', 'Allergy to eggs', 'Coronavirus Infections', 'nan', 'nan', 'nan', 'nan', 'nan', 'nan', 'nan', 'nan']",https://patient.info//forums/discuss/i-had-covid-few-months-ago-and-get-recovered-now-i-am-getting-sick-a-lot-what-should-i-do--746457
160,"['Severe pain', 'nan']",https://patient.info//forums/discuss/severe-pain-medications-746546
161,"['Communicable Diseases', ""Little's Disease"", 'Common Cold', 'Coughing', 'nan']",https://patient.info//forums/discuss/i-was-sick-3-weeks-ago-of-covid-i-got-cured-but-i-still-cough-even-after-all-this-time-746394
162,"['Communicable Diseases', 'Influenza', 'Syndrome', 'Coronavirus Infections', 'nan', 'nan', 'nan', 'nan']",https://patient.info//forums/discuss/covid-19-and-guillain-barr%C3%A9-syndrome-745627
163,"['Coughing', 'nan']",https://patient.info//forums/discuss/covid-745001
164,"['Pharyngitis', 'Sore Throat', 'Asthenia', 'nan']",https://patient.info//forums/discuss/tests-744803
165,"['Gonorrhea', 'Geroderma osteodysplastica', 'nan', 'nan']",https://patient.info//forums/discuss/covid19-and-eye-pain-744689
166,"['Myalgia', 'Coughing', 'Pain', 'Nervousness', 'nan', 'nan', 'nan']",https://patient.info//forums/discuss/can-covid-affect-the-muscles--742542
167,"['Communicable Diseases', 'Tropical Spastic Paraparesis', 'Hypotrichosis simplex', 'Kidney Diseases', 'Numbness', 'Renal pain', 'Fatigue', 'Xerostomia', 'Coughing', 'nan', 'nan', 'nan', 'nan', 'nan', 'nan', 'nan', 'nan', 'nan', 'nan', 'nan']",https://patient.info//forums/discuss/post-covid-problems-744667
168,"['Sinusitis', 'Pharyngitis', 'Asthma', 'Anosmia', 'Nasal congestion (finding)', 'Sinus pain', 'Sore Throat', 'nan']",https://patient.info//forums/discuss/in-a-conundrum--743923
169,"['Oculocerebrocutaneous syndrome', 'Acute gastroenteritis', 'Anosmia', 'Actual Inability To Taste', 'Nasal congestion (finding)', 'Chest Pain', 'Hand joint pain', 'Loose stool', 'Fatigue', 'Back symptoms/complaints', 'Coughing', 'Dyspnea', 'nan', 'nan', 'nan']",https://patient.info//forums/discuss/questions-for-those-diagnosed-with-covid19-covid-world-is-a-lonely-world-let-s-talk-about-it--742193
170,"['Gonorrhea', 'Geroderma osteodysplastica', 'Subacute thyroiditis', 'Coughing', 'nan', 'nan', 'nan']",https://patient.info//forums/discuss/in-aberdeen-on-saturday-scared-i-have-covid-19-743796
171,"['Gonorrhea', 'Geroderma osteodysplastica', 'nan', 'nan', 'nan', 'nan', 'nan']",https://patient.info//forums/discuss/new-here-hello--740887
172,"['Gonorrhea', 'Geroderma osteodysplastica', 'Ankylosing spondylitis', 'Atherosclerosis', 'AORTIC VALVE DISEASE 2', 'Abdominal Pain', 'Headache', 'nan', 'nan', 'nan', 'nan']",https://patient.info//forums/discuss/does-corona-give-u-you-health-problems-you-never-had-or-health-probe-that-was-jus-layn-in-your-body--743633
173,"['nan', 'nan']",https://patient.info//forums/discuss/is-it-really-possible-to-test-positive-twice--743378
174,"['Duane Retraction Syndrome', 'Pneumonia', 'Influenza', 'Chronic Obstructive Airway Disease', 'Gonorrhea', 'Geroderma osteodysplastica', 'Anorexia', ""Little's Disease"", 'Lung Problem', 'Pneumonia, Viral', 'Asthma', 'Cystic Fibrosis', 'Diabetic Retinopathy', 'Disease', 'Lower respiratory tract infection', 'Anosmia', 'persistent dry cough', 'Chest tightness', 'Headache', 'Coughing', 'Asthenia', 'Night sweats', 'Dyspnea', 'nan', 'nan', 'nan', 'nan', 'nan', 'nan', 'nan', 'nan', 'nan']",https://patient.info//forums/discuss/9-weeks-after-hospital-discharge-still-coughing-737883
175,"['Communicable Diseases', 'Duane Retraction Syndrome', 'Pharyngitis', 'Influenza', 'Reflex Epilepsy, Reading', 'Pulmonary congestion', 'STOMATOCYTOSIS I', 'Gonorrhea', 'Geroderma osteodysplastica', 'flu symptoms', 'Acute lower respiratory tract infection', ""Little's Disease"", 'Diabetic Retinopathy', 'Tired', 'Abdominal Pain', 'Nausea', 'Fatigue', 'Dizziness', 'Sore Throat', 'Headache', 'Coughing', 'Breathing abnormally deep', 'Dyspnea', 'nan', 'nan', 'nan', 'nan', 'nan', 'nan', 'nan', 'nan', 'nan', 'nan', 'nan', 'nan', 'nan', 'nan', 'nan', 'nan', 'nan', 'nan', 'nan', 'nan']",https://patient.info//forums/discuss/now-in-my-8th-week-and-still-short-of-breath-please-help--738232
176,"['Coronavirus Infections', 'Chest tightness', 'Flare', 'Coughing', 'nan', 'nan']",https://patient.info//forums/discuss/4-week-recovered-from-coronavirus-but-symptoms-flare-up-when-i-exercise-is-this-normal--742982
177,"['Gonorrhea', 'Geroderma osteodysplastica', 'Lung Diseases, Obstructive', 'Coronavirus Infections', 'Acute gastroenteritis']",https://patient.info//forums/discuss/why-is-the-f-g-coronavirus-f-g-die--742863
178,"[""Little's Disease"", 'PREMATURE CHROMATID SEPARATION TRAIT', 'Flare', 'Muscle Cramp', 'Pain', 'Dyspnea', 'nan', 'nan', 'nan', 'nan', 'nan']",https://patient.info//forums/discuss/difficulty-breathing-after-recent-physician-visit-741922
179,"['Pharyngitis', 'Recurrent disease', 'Coronavirus Infections', 'neck tightness', 'Sore Throat', 'Headache', 'Chills', 'nan', 'nan']",https://patient.info//forums/discuss/pain-in-lymph-nodes-after-initial-symptoms-improve--742674
180,"['Sexually Transmitted Diseases', 'Vitamin D Deficiency', 'Asthenia', 'nan', 'nan', 'nan']",https://patient.info//forums/discuss/post-covid-symptom-742564
181,"['Hay fever', 'Gray Platelet Syndrome', 'Nasal congestion (finding)', 'Sore Throat', 'nan']",https://patient.info//forums/discuss/long-haul-coronvirus-healing-stories-742601
182,"['Gastritis', 'Coronavirus Infections', 'Stomach ache', 'Vomiting', 'Dyspepsia', 'Malaise', 'nan', 'nan', 'nan']",https://patient.info//forums/discuss/corona-symtom--741424
183,"['Gonorrhea', 'Geroderma osteodysplastica', 'Diabetes Mellitus, Non-Insulin-Dependent', 'Pharyngitis', 'Pneumonia', 'Respiratory Distress Syndrome, Adult', 'Reflex Sympathetic Dystrophy', 'Strangles', 'Basilar-Type Migraine', 'Coronavirus Infections', 'Lower respiratory tract infection', 'Temporal headache', 'BODY PAIN', 'Headache Severe', 'Fatigue', 'Pain of lymph node', 'Headache', 'Pain', 'spells (neurological symptom)', 'Chest tightness', 'Sore Throat', 'chest heaviness', 'Coughing', 'Dyspnea', 'nan', 'nan', 'nan', 'nan', 'nan', 'nan', 'nan', 'nan', 'nan', 'nan', 'nan', 'nan', 'nan', 'nan', 'nan', 'nan', 'nan', 'nan', 'nan']",https://patient.info//forums/discuss/anyone-else-13-weeks-still-with-symptoms-or-symptoms-getting-better-741198
184,"['Gonorrhea', 'Geroderma osteodysplastica', 'Cerebrovascular accident', 'Myocardial Infarction', 'Lung Diseases, Obstructive', 'Conjunctivitis', 'Cancer-Associated Retinopathy', 'Wolf-Hirschhorn Syndrome', 'Deglutition Disorders', 'Laryngismus paralyticus', 'Recurrent disease', 'Disease', 'Seizures', 'Feeling strange', 'room spinning', 'Suffocated', 'Upset stomach', 'Equilibration disorder', 'feeling dizzy', 'Lightheadedness', 'Nervousness', 'Chest pressure', 'Exhaustion', 'Neurologic Symptoms', 'Buzzing in ear', 'Nausea', 'Vertigo', 'Dizziness', 'Pruritus', 'Coughing', 'Clouded consciousness', 'Dyspnea', 'nan', 'nan', 'nan', 'nan', 'nan', 'nan', 'nan', 'nan', 'nan', 'nan', 'nan', 'nan', 'nan', 'nan', 'nan', 'nan', 'nan', 'nan', 'nan']",https://patient.info//forums/discuss/covid-tinnitus-and-vertigo-736891
185,"['SHORT STATURE, ONYCHODYSPLASIA, FACIAL DYSMORPHISM, AND HYPOTRICHOSIS SYNDROME', 'Itching of ear', 'Sore skin', 'Pruritus', 'nan']",https://patient.info//forums/discuss/soft-palette-and-ear-pain-742130
186,"['Pneumonia', 'Respiratory Distress Syndrome, Adult', 'Headache Severe', 'Chest tightness', 'Fatigue', 'chest heaviness', 'Coughing', 'spells (neurological symptom)', 'Dyspnea', 'nan', 'nan', 'nan', 'nan']",https://patient.info//forums/discuss/covid-symptoms-for-8-weeks-when-does-it-end--741705
187,"['Chronic Fatigue Syndrome', 'Communicable Diseases', 'SHORT STATURE, IDIOPATHIC, X-LINKED', 'Chronic Obstructive Airway Disease', 'Gonorrhea', 'Geroderma osteodysplastica', 'Sexually Transmitted Diseases', 'Malignant hyperpyrexia due to anesthesia', ""Little's Disease"", 'Lung Problem', 'Lung Diseases, Obstructive', 'STUVE-WIEDEMANN SYNDROME', 'Struck', 'Disease', 'Chest Pain', 'Nausea', 'Dizziness', 'Headache', 'Coughing', 'CHEST PAIN, SHARP', 'nan', 'nan', 'nan', 'nan', 'nan', 'nan', 'nan', 'nan', 'nan', 'nan', 'nan', 'nan', 'nan', 'nan', 'nan']",https://patient.info//forums/discuss/household-hit-by-covid-march-april-anxiety-over-recurring-symptoms--741089
188,"['Multi-infarct dementia', 'Gonorrhea', 'Geroderma osteodysplastica', 'POPLITEAL PTERYGIUM SYNDROME, LETHAL TYPE', 'Isaacs syndrome', 'Headache Severe', 'Nausea', 'Fatigue', 'Headache', 'Pain', 'Asthenia', 'nan', 'nan', 'nan', 'nan']",https://patient.info//forums/discuss/increased-bp-740230
189,"['Lyme Disease', 'Pharyngitis', ""Little's Disease"", 'Fatigue', 'Sore Throat', 'Burning sensation', 'Catarrh', 'Stinging Sensation', 'Mastodynia', 'Dyspnea', 'Sore to touch', 'spells (neurological symptom)', 'nan', 'nan', 'nan', 'nan', 'nan', 'nan', 'nan', 'nan', 'nan', 'nan', 'nan']",https://patient.info//forums/discuss/suffering-with-sore-throat-741134
190,"['Gonorrhea', 'Geroderma osteodysplastica', 'Pelvic Organ Prolapse', ""Little's Disease"", 'Pharyngitis', 'Dehydration', 'Deep Vein Thrombosis', 'Congenital leukocyte adherence deficiency', 'Reflex Sympathetic Dystrophy', 'Lower respiratory tract infection', 'Virus Diseases', 'Pain, Postoperative', 'Chest tightness', 'Upset stomach', 'Fatigue', 'Sore Throat', 'Headache', 'Coughing', 'Pain', 'Night sweats', 'Sore to touch', 'Exhaustion', 'Dyspnea', 'nan', 'nan', 'nan', 'nan', 'nan', 'nan', 'nan', 'nan', 'nan', 'nan', 'nan', 'nan']",https://patient.info//forums/discuss/sore-throat-still-a-problem-735817
191,"['Gonorrhea', 'Geroderma osteodysplastica', ""Little's Disease"", 'nan', 'nan', 'nan']",https://patient.info//forums/discuss/morning-740991
192,"['Exanthema', 'Chest tightness', 'nan', 'nan', 'nan']",https://patient.info//forums/discuss/still-having-symptoms-of-covid-after-3-months--740950
193,"['Lung Diseases, Obstructive', 'Disease', 'Fatigue', 'Headache', 'Exhaustion', 'nan', 'nan', 'nan']",https://patient.info//forums/discuss/what-has-helped-longtermers-reports-of-what-has-helped-for-people-with-symptoms-10-weeks-740302
194,"['Gonorrhea', 'Geroderma osteodysplastica', 'Palmar-plantar erythrodysesthesia syndrome', 'nan']",https://patient.info//forums/discuss/general-740567
195,"['Temporohyoid osteoarthropathy', 'Henoch-Schoenlein Purpura', 'Pharyngitis', 'Exanthema', 'Hypotrichosis simplex', 'Tired', 'Fatigue', 'Sore Throat', 'Headache', 'Coughing', 'nan', 'nan', 'nan', 'nan', 'nan', 'nan']",https://patient.info//forums/discuss/could-these-symptoms-be-a-sign-of-covid19--739711
196,"['Gonorrhea', 'Geroderma osteodysplastica', 'nan']",https://patient.info//forums/discuss/score-for-week-740001
197,"['Gonorrhea', 'Geroderma osteodysplastica', 'nan']",https://patient.info//forums/discuss/scared-about-getting-reinfected-739875
198,"['Gonorrhea', 'Geroderma osteodysplastica', 'Burning sensation', 'nan']",https://patient.info//forums/discuss/covid-hub-739630
199,"['Gonorrhea', 'Geroderma osteodysplastica', 'Allergic disposition', 'Malignant hyperpyrexia due to anesthesia', 'Influenza', 'Infectious Mononucleosis', 'Asthma', 'Testicular regression syndrome', 'physical disorders', 'physical symptom', 'Tired', 'Chest tightness', 'Fatigue', 'Malaise', 'Burning sensation', 'Myalgia', 'Coughing', 'Back Pain', 'nan', 'nan', 'nan', 'nan', 'nan', 'nan', 'nan', 'nan', 'nan', 'nan']",https://patient.info//forums/discuss/we-are-creating-anxiety-disorders-for-ourselves-738295
200,"['nan', 'nan', 'nan']",https://patient.info//forums/discuss/preventing-spread-of-infection-in-the-home-739509
201,"['Gonorrhea', 'Geroderma osteodysplastica', 'Lung Problem', 'Recurrent disease', 'Chest Pain', 'Tired', 'Abnormal breathing', 'Has tingling sensation', 'Sleeplessness', 'Nervousness', 'Exhaustion', 'nan', 'nan', 'nan', 'nan', 'nan', 'nan', 'nan']",https://patient.info//forums/discuss/insomnia-anyone--739383
202,"['Gray Platelet Syndrome', 'Coughing', 'nan', 'nan']",https://patient.info//forums/discuss/tingling-in-my-hands-and-cheeks-with-a-sore-throat-and-red-dots-on-roof-of-mouth-and-sores-on-cheeks-739597
203,"['Sexually Transmitted Diseases', 'Gastroesophageal reflux disease', 'CONOTRUNCAL ANOMALY FACE SYNDROME', 'Stomach ache', 'Diarrhea', 'Nausea', 'nan']",https://patient.info//forums/discuss/gi-symptoms-739411
204,"['Gonorrhea', 'Geroderma osteodysplastica', 'Mandibuloacral dysostosis', 'Reflex Sympathetic Dystrophy', 'Coronavirus Infections', 'Dyspnea', 'nan', 'nan', 'nan', 'nan', 'nan', 'nan', 'nan', 'nan', 'nan', 'nan', 'nan']",https://patient.info//forums/discuss/explanation-and-reassurance-from-my-doctor-739337
205,"['Gonorrhea', 'Geroderma osteodysplastica', 'Subacute thyroiditis', 'Pelvic Organ Prolapse', 'Pain, Postoperative', 'nan', 'nan', 'nan']",https://patient.info//forums/discuss/clifftop-739256
206,"['Gonorrhea', 'Geroderma osteodysplastica', 'Heart Diseases', 'Asthma', 'Recurrent disease', 'slight fever', 'Overweight', 'Burning sensation', 'Myalgia', 'Headache', 'nan', 'nan', 'nan', 'nan', 'nan', 'nan', 'nan', 'nan']",https://patient.info//forums/discuss/4-weeks-on-and-still-having-new-symptoms-739204
207,"['Gonorrhea', 'Geroderma osteodysplastica', 'Viral exanthem', 'Exanthema', 'Pharyngitis', ""Little's Disease"", 'Herpes Labialis', 'Common Cold', 'Influenza', 'Reflex Sympathetic Dystrophy', 'Pityriasis Rosea', 'Recurrent disease', 'Diarrhea', 'Sore Throat', 'Pruritus', 'Feeling feverish', 'Coughing', 'Asthenia', 'Upper back pain', 'nan', 'nan', 'nan', 'nan', 'nan', 'nan', 'nan', 'nan', 'nan', 'nan', 'nan', 'nan', 'nan', 'nan', 'nan', 'nan', 'nan', 'nan', 'nan']",https://patient.info//forums/discuss/covid-19-rash-and-weird-stomach-8-weeks-after-testing-positive-737861
208,"['Gonorrhea', 'Geroderma osteodysplastica', 'Vaccinia', 'Palmar-plantar erythrodysesthesia syndrome', ""Little's Disease"", 'Influenza', 'Lung Diseases, Obstructive', 'Cancer-Associated Retinopathy', 'PREMATURE CHROMATID SEPARATION TRAIT', 'Acute gastroenteritis', 'Asthenia', 'nan', 'nan', 'nan', 'nan', 'nan', 'nan', 'nan']",https://patient.info//forums/discuss/advice-guidance-regarding-91-year-old-parents-and-visitors-738724
209,"['Gonorrhea', 'Geroderma osteodysplastica', 'Chronic disease', 'Neck Pain', 'Suffocated', 'Fatigue', 'Slow respiration', 'Coughing', 'Dyspnea', 'nan', 'nan']",https://patient.info//forums/discuss/is-it-covid-help-738732
210,"['nan', 'nan']",https://patient.info//forums/discuss/jim-res-738761
211,"['Temporohyoid osteoarthropathy', 'Gonorrhea', 'Geroderma osteodysplastica', 'Coronary Occlusion', 'Cheiro-oral syndrome', 'Mandibuloacral dysostosis', 'Asthma', 'Acute gastroenteritis', 'Gray Platelet Syndrome', 'Seizures', 'Overweight', 'nan', 'nan']",https://patient.info//forums/discuss/ages-738676
212,"['nan', 'nan']",https://patient.info//forums/discuss/can-a-deviated-septum-affect-accuracy-of-covid-19-nasal-test--738634
213,"['Pneumonia', 'Ache', 'out (of) breath', 'nan', 'nan', 'nan', 'nan']",https://patient.info//forums/discuss/walking-738603
214,"['Pneumonia', 'Common Cold', 'Influenza', 'SHORT STATURE, IDIOPATHIC, X-LINKED', 'Lung diseases', 'Gonorrhea', 'Geroderma osteodysplastica', 'flu symptoms', 'Sexually Transmitted Diseases', 'Acute lower respiratory tract infection', 'Lung Problem', 'Reflex Sympathetic Dystrophy', 'AICARDI-GOUTIERES SYNDROME 1', 'Anosmia', 'Congestion of throat', 'Headache', 'Coughing', 'Asthenia', 'Pain', 'Sharp pain', 'Breathing abnormally deep', 'nan', 'nan', 'nan', 'nan', 'nan', 'nan', 'nan', 'nan', 'nan', 'nan', 'nan', 'nan', 'nan', 'nan', 'nan']",https://patient.info//forums/discuss/treatment-suggestion-that-s-worked-for-me-for-20-years-for-the-flu--736590
215,"[""Tietze's Syndrome"", 'Cerebrovascular accident', 'Communicable Diseases', 'Pelvic Organ Prolapse', 'Hamman-Rich syndrome', 'Pleurisy', 'Dehydration', 'Hepatorenal Syndrome', 'Acute gastroenteritis', 'Coronavirus Infections', 'Geroderma osteodysplastica', 'Anorexia', 'Severe Acute Respiratory Syndrome', 'Myocardial Infarction', 'Mandibuloacral dysostosis', 'Asthma', 'Reflex Sympathetic Dystrophy', 'Myopia', 'Basilar-Type Migraine', 'Gray Platelet Syndrome', 'Pulmonary Embolism', 'Gastroesophageal reflux disease', 'Pharyngitis', 'Common Cold', 'Influenza', 'Pemphigus and fogo selvagem', 'Testicular regression syndrome', 'Gonorrhea', ""Little's Disease"", 'Sleep Apnea Syndromes', 'Infantile neuronal ceroid lipofuscinosis', 'Viral myocarditis', 'Disease', 'Diarrhea', 'Temporal headache', 'Signs and Symptoms', 'side pain', 'Paresthesia of hand', 'Abdominal Pain', 'Dyspepsia', 'CHEST BURNING PAIN OF', 'Fatigue', 'tingling in fingers', 'Burning sensation', 'Headache', 'Flushing', 'Pain', 'Chest pressure', 'Numbness', 'Stomach ache', 'Coughing', 'Asthenia', 'Sharp pain', 'Night sweats', 'Muscle twitch', 'Heartburn acidity', 'Numbness of face', 'Heartburn', 'Chest Pain', 'dyspnea acute', 'BODY PAIN', 'Tired', 'Throat symptom', 'Back Pain', 'Tremor', 'Nervousness', 'Pain, Postoperative', 'Chest tightness', 'Hyperemesis Gravidarum', 'Dizziness', 'Sore Throat', 'Rales', 'Dry cough', 'Pain, Burning', 'CHEST PAIN, SHARP', 'Sore to touch', 'Dyspnea', 'nan', 'nan', 'nan', 'nan', 'nan', 'nan', 'nan', 'nan', 'nan', 'nan', 'nan', 'nan', 'nan', 'nan', 'nan', 'nan', 'nan', 'nan', 'nan', 'nan', 'nan', 'nan', 'nan', 'nan', 'nan', 'nan', 'nan', 'nan', 'nan', 'nan', 'nan', 'nan', 'nan', 'nan', 'nan', 'nan', 'nan']",https://patient.info//forums/discuss/covid-19-for-8-weeks-gastric-issues-high-heart-rate-short-of-breath--735966
216,"['Gonorrhea', 'Geroderma osteodysplastica', 'Communicable Diseases', 'Hay fever', 'Pharyngitis', 'Urticaria Pigmentosa', 'Rhinorrhea', 'Chest tightness', 'Nausea', 'Fatigue', 'Flare', 'Sore Throat', 'Coughing', 'Chills', 'nan', 'nan', 'nan', 'nan', 'nan', 'nan', 'nan']",https://patient.info//forums/discuss/alcohol-intolerance-following-covid--738390
217,"['Duane Retraction Syndrome', 'Diabetic Retinopathy', 'Upper back pain', 'nan', 'nan', 'nan', 'nan', 'nan']",https://patient.info//forums/discuss/after-8-weeks-of-covid-should-drs-be-referring-you-for-tests--738319
218,"['Chronic articular rheumatism', 'nan', 'nan']",https://patient.info//forums/discuss/am-i-still-contagious--737673
219,"['Malaria', 'nan', 'nan', 'nan', 'nan', 'nan']",https://patient.info//forums/discuss/tonic-water-737628
220,"['Gonorrhea', 'Geroderma osteodysplastica', 'Anosmia', 'Chest Pain', 'Tired', 'Coughing', 'Sore to touch', 'Dyspnea', 'nan', 'nan']",https://patient.info//forums/discuss/covid-19-test-or-not-to-test-737570
221,"['Gonorrhea', 'Geroderma osteodysplastica', 'Allergic disposition', 'AICARDI-GOUTIERES SYNDROME 1', 'Chest Pain', 'Coughing', 'Pain', 'nan', 'nan', 'nan', 'nan', 'nan', 'nan']",https://patient.info//forums/discuss/chest-tight-and-feeling-wierd-737553
222,"['Gonorrhea', 'Geroderma osteodysplastica', 'Goldberg-Shprintzen megacolon syndrome', ""Little's Disease"", 'Coronavirus Infections', 'BODY PAIN', 'Nausea', 'Feels hot', 'Feeling feverish', 'Headache', 'Lightheadedness', 'Chills', 'nan', 'nan', 'nan', 'nan', 'nan', 'nan', 'nan']",https://patient.info//forums/discuss/do-i-need-to-worry-about-covid-19--737393
223,"['Sinusitis', 'Kidney Failure', 'Critical Illness', 'Premenstrual syndrome', 'SHORT STATURE, IDIOPATHIC, X-LINKED', 'Cancer-Associated Retinopathy', 'Chronic disease', 'Upper Respiratory Infections', 'Pyotraumatic dermatitis', 'Acute gastroenteritis', 'Congenital Thrombotic Thrombocytopenic Purpura', 'Gonorrhea', 'Geroderma osteodysplastica', 'Sexually Transmitted Diseases', ""Little's Disease"", 'Asthma', 'Gray Platelet Syndrome', 'Disease', 'Premenopausal symptoms', 'slight fever', 'Coughing', 'Flushing', 'nan', 'nan', 'nan', 'nan', 'nan', 'nan', 'nan', 'nan', 'nan', 'nan', 'nan', 'nan', 'nan', 'nan', 'nan']",https://patient.info//forums/discuss/worries-about-catching-coronavirus-at-doctor-s-office-lab-advice--736539
224,"['Lung Diseases, Obstructive', 'nan', 'nan', 'nan', 'nan', 'nan']",https://patient.info//forums/discuss/son-returns-to-our-apt-from-vacation-any-docs-have-advice--737094
225,"['Gonorrhea', 'Geroderma osteodysplastica', 'Anorexia', 'Sleep Starts', 'Common Cold', 'Influenza', 'Polyglandular Type I Autoimmune Syndrome', 'Streptococcal Infections', 'Actual Inability To Taste', 'Ache', 'BODY PAIN', 'Fatigue', 'Headache', 'Pain', 'Muscle Cramp', 'Night sweats', 'Fatigue - symptom', 'Chills', 'nan', 'nan', 'nan', 'nan', 'nan', 'nan']",https://patient.info//forums/discuss/could-it-be-covid-19--735871
226,"['Gonorrhea', 'Geroderma osteodysplastica', 'nan', 'nan']",https://patient.info//forums/discuss/returning-to-school-737103
227,"['Pelvic Organ Prolapse', 'Lung Diseases, Obstructive', 'Reflex Sympathetic Dystrophy', 'Disease', 'Tired', 'Pain, Postoperative', 'Abnormal breathing', 'Coughing', 'nan', 'nan', 'nan', 'nan']",https://patient.info//forums/discuss/relapse-after-return-to-work-737066
228,"['Gonorrhea', 'Geroderma osteodysplastica', 'flu symptoms', ""Little's Disease"", 'Coughing', 'nan']",https://patient.info//forums/discuss/hospital-again-737079
229,"['Gonorrhea', 'Geroderma osteodysplastica', 'Sexually Transmitted Diseases', 'Dyssomnias', 'cold symptoms', 'symptoms, signs, and ill-defined conditions', 'Fatigue']",https://patient.info//forums/discuss/anyone-who-have-had-covid-19-struggle-to-sleep--736963
230,"['Temporohyoid osteoarthropathy', 'Reflex Sympathetic Dystrophy', 'nan', 'nan', 'nan', 'nan', 'nan']",https://patient.info//forums/discuss/out-to-park-today-736888
231,"['Chills', 'nan']",https://patient.info//forums/discuss/hi-all-736871
232,"['Gonorrhea', 'Geroderma osteodysplastica', 'Chest Pain', 'Coughing', 'Pain', 'Back Pain', 'nan', 'nan', 'nan']",https://patient.info//forums/discuss/encouragement-please--736770
233,"['Influenza', 'PROGRESSIVE ENCEPHALOMYELITIS WITH RIGIDITY', 'nan', 'nan', 'nan', 'nan', 'nan']",https://patient.info//forums/discuss/handle-hygiene-736749
234,"['Gonorrhea', 'Geroderma osteodysplastica', 'Allergic disposition', 'Pelvic Organ Prolapse', 'Pharyngitis', ""Little's Disease"", 'Common Cold', 'Pain, Postoperative', 'Posterior rhinorrhea', 'Sore Throat', 'Coughing', 'Sore to touch', 'nan', 'nan', 'nan']",https://patient.info//forums/discuss/throat-736345
235,"['Sinusitis', 'Chronic Fatigue Syndrome', 'Communicable Diseases', 'Pharyngitis', 'Influenza', 'post viral fatigue', 'SHORT STATURE, IDIOPATHIC, X-LINKED', 'Wolf-Hirschhorn Syndrome', 'Streptococcal Infections', 'Coronavirus Infections', 'Gonorrhea', 'Geroderma osteodysplastica', 'Allergic disposition', 'Sexually Transmitted Diseases', ""Little's Disease"", 'Rhinorrhea', 'Ache', 'Tired', 'Upset stomach', 'Nausea', 'Fatigue', 'Sore Throat', 'Dry cough', 'Coughing', 'Muscle twitch', 'Exhaustion', 'nan', 'nan', 'nan', 'nan', 'nan', 'nan', 'nan', 'nan']",https://patient.info//forums/discuss/post-coronavirus-fatigue-or-something-worse--736431
236,"['Coronavirus Infections', 'nan', 'nan']",https://patient.info//forums/discuss/blood-types-736534
237,"['Fish-Eye Disease', 'Pneumonia', 'Influenza', 'Acute gastroenteritis', 'Bacterial Infections', 'Gonorrhea', 'Geroderma osteodysplastica', ""Little's Disease"", 'Pneumonia, Viral', 'Lung Diseases, Obstructive', 'Simian Acquired Immunodeficiency Syndrome', 'Wiskott-Aldrich Syndrome', 'Ectodermal Dysplasia, Hypohidrotic, Autosomal Recessive', 'Lower respiratory tract infection', 'Dry cough', 'Coughing', 'Breathing abnormally deep', 'nan', 'nan', 'nan', 'nan', 'nan', 'nan', 'nan', 'nan', 'nan', 'nan', 'nan', 'nan']",https://patient.info//forums/discuss/is-it-ever-going-to-just-end-and-be-gone-736371
238,"['Epstein', 'Chronic Fatigue Syndrome', 'Autoimmune Diseases', 'Hepatitis', 'SHORT STATURE, IDIOPATHIC, X-LINKED', 'Simian Acquired Immunodeficiency Syndrome', 'Malaise', 'nan']",https://patient.info//forums/discuss/i-wish-this-would-end-736457
239,"['Cancer-Associated Retinopathy', 'Megaloblastic anemia due to inborn errors of metabolism', 'Coughing', 'Sympathetically independent pain', 'nan', 'nan', 'nan', 'nan', 'nan', 'nan']",https://patient.info//forums/discuss/covid-19-asymptomatic-736143
240,"['Sinusitis', 'Gonorrhea', 'Geroderma osteodysplastica', 'Allergic disposition', 'Common Cold', 'Influenza', 'Papillon-Lefevre Disease', 'Deglutition Disorders', 'Streptococcal sore throat', 'Simian Acquired Immunodeficiency Syndrome', 'Streptococcal Infections', 'Chest Pain', 'Ache', 'Tired', 'Chest tightness', 'Posterior rhinorrhea', 'Fatigue', 'Xerostomia', 'Dry cough', 'Headache', 'Coughing', 'Pain', 'Dyspnea', 'nan', 'nan']",https://patient.info//forums/discuss/is-it-possible--734653
241,"['Chronic Fatigue Syndrome', 'Communicable Diseases', 'Pharyngitis', 'Dyssomnias', 'Common Cold', 'Vitamin D Deficiency', 'post viral fatigue', 'Influenza', 'SHORT STATURE, IDIOPATHIC, X-LINKED', 'Infectious Mononucleosis', 'Wolf-Hirschhorn Syndrome', 'Gonorrhea', 'Geroderma osteodysplastica', 'Sexually Transmitted Diseases', 'Confluent and Reticulate Papillomatosis', 'C/O - postviral syndrome', 'Wiskott-Aldrich Syndrome', 'Lower respiratory tract infection', 'Rhinorrhea', 'Tired', 'Fatigue', 'Sore Throat', 'Dry cough', 'Coughing', 'Asthenia', 'nan', 'nan', 'nan', 'nan', 'nan', 'nan', 'nan', 'nan', 'nan', 'nan', 'nan', 'nan', 'nan', 'nan', 'nan']",https://patient.info//forums/discuss/coronavirus-post-fatigue-and-trouble-sleeping--735770
242,"['Sexually Transmitted Diseases', 'Influenza', 'SHORT STATURE, IDIOPATHIC, X-LINKED', 'Coronavirus Infections', 'nan', 'nan', 'nan', 'nan', 'nan', 'nan']",https://patient.info//forums/discuss/how-to-fight-corona-735090
243,"['Gonorrhea', 'Geroderma osteodysplastica', 'Pharyngitis', 'Influenza', 'Withdrawal Symptoms', 'Chest tightness', 'Sore Throat', 'Clouded consciousness', 'Chills', 'nan', 'nan', 'nan', 'nan', 'nan']",https://patient.info//forums/discuss/been-having-fever-since-sun-mon-i-feel-so-scared-if-is-covid-19-or-not--736002
244,"['Myelitis, Acute Transverse', 'Anemia, Diamond-Blackfan', 'Lung Diseases, Obstructive', 'Reflex Sympathetic Dystrophy', 'Simian Acquired Immunodeficiency Syndrome', 'Wiskott-Aldrich Syndrome', 'Disease', 'swollen glands in neck', 'Chest Pain', 'Low Back Pain', 'Chest tightness', 'Nausea', 'Malaise', 'Headache', 'Breath symptom', 'Coughing', 'Back Pain', 'Dyspnea', 'nan', 'nan', 'nan', 'nan', 'nan', 'nan', 'nan', 'nan', 'nan']",https://patient.info//forums/discuss/advice-please--735233
245,"['Gonorrhea', 'Geroderma osteodysplastica', 'Allergic disposition', 'Dermatologic disorders', 'Exanthema', 'Lung Diseases, Obstructive', 'Asthma', 'Food Allergy', 'Simian Acquired Immunodeficiency Syndrome', 'Coronavirus Infections', 'Urticaria', 'Coughing', 'Welts', 'nan', 'nan', 'nan', 'nan', 'nan', 'nan', 'nan', 'nan', 'nan', 'nan']",https://patient.info//forums/discuss/covid-19-rash-breakout-help-734322
246,"['Wiskott-Aldrich Syndrome', 'nan']",https://patient.info//forums/discuss/oximeter-735643
247,"['Multi-infarct dementia', 'Diarrhea', 'Vomiting', 'Nausea', 'Stomach cramps (finding)', 'nan']",https://patient.info//forums/discuss/gi-issues--735373
248,"['Allergic disposition', 'nan', 'nan', 'nan', 'nan']",https://patient.info//forums/discuss/-covid-toes--735493
249,"['Common Cold', 'Irritable Bowel Syndrome', 'Intestinal infectious disease (disorder)', 'Gonorrhea', 'Geroderma osteodysplastica', 'Obesity', 'furuncle', ""Little's Disease"", 'Acute infectious disease', 'Lung Diseases, Obstructive', 'Reflex Sympathetic Dystrophy', 'Simian Acquired Immunodeficiency Syndrome', 'Wiskott-Aldrich Syndrome', 'Diarrhea', 'Chest Pain', 'Ache', 'Tired', 'BODY PAIN', 'Feeling Sick', 'Severe diarrhea', 'Overweight', 'Severe pain', 'Headache', 'Pain', 'Tremor', 'Stomach ache', 'Chest tightness', 'Influenza-like symptoms', 'Coughing', 'Cold sweat', 'Aural pressure', 'Decrease in appetite', 'Dyspnea', 'Chills', 'nan', 'nan', 'nan', 'nan', 'nan', 'nan', 'nan', 'nan', 'nan', 'nan', 'nan', 'nan', 'nan', 'nan', 'nan', 'nan', 'nan', 'nan']",https://patient.info//forums/discuss/coronavirus--734398
250,"['Myelitis, Acute Transverse', 'Anemia, Diamond-Blackfan', 'Reflex Sympathetic Dystrophy', 'Chest tightness', 'Headache', 'Coughing', 'Pain', 'Back Pain', 'Dyspnea', 'nan', 'nan']",https://patient.info//forums/discuss/covid-19--735153
251,"['Gonorrhea', 'Geroderma osteodysplastica', 'Influenza', 'Wiskott-Aldrich Syndrome', 'Chest Pain', 'Fatigue - symptom', 'Dyspnea', 'nan', 'nan']",https://patient.info//forums/discuss/tested-negative-but-had-all-symptoms-did-i-have-covid-19--734954
252,"['Gastroesophageal reflux disease', 'Lung Diseases, Obstructive', 'Heartburn', 'Dizziness', 'Coughing', 'Clouded consciousness', 'Breathing abnormally deep', 'Heartburn acidity', 'nan', 'nan', 'nan', 'nan', 'nan', 'nan', 'nan']",https://patient.info//forums/discuss/could-it-coronavirus--734551
253,"['Gonorrhea', 'Geroderma osteodysplastica', 'Streptococcal lymphadenitis of swine', ""Little's Disease"", 'Hypotrichosis simplex', 'Simian Acquired Immunodeficiency Syndrome', 'Tired', 'Nausea', 'Wheezing', 'Dry cough', 'Headache', 'Coughing', 'Back Pain', 'Asthenia', 'Dyspnea', 'nan', 'nan', 'nan']",https://patient.info//forums/discuss/four-weeks-into-the-virus-734812
254,"['Gonorrhea', 'Geroderma osteodysplastica', 'Hypertensive disease', 'Obesity', 'Diabetes', 'Mumps', 'Ache', 'Malaise', 'Fatigue', 'Dry cough', 'Coughing', 'Pain', 'Throat irritation', 'Chills', 'nan', 'nan', 'nan', 'nan', 'nan', 'nan', 'nan', 'nan', 'nan', 'nan', 'nan', 'nan']",https://patient.info//forums/discuss/glands-up-734597
255,"['Gonorrhea', 'Geroderma osteodysplastica', 'Sexually Transmitted Diseases', 'Pharyngitis', 'Lung Diseases, Obstructive', 'Simian Acquired Immunodeficiency Syndrome', 'Fatigue', 'Sore Throat', 'Congestion of throat', 'Headache', 'Dry cough', 'Clouded consciousness', 'Dyspnea', 'Sore to touch', 'nan', 'nan', 'nan', 'nan', 'nan', 'nan']",https://patient.info//forums/discuss/feeling-worse-after-3-weeks-of-symptoms-734132
256,"['Acute gastroenteritis', 'Chest tightness', 'Coughing', 'Pain', 'Tremor', 'nan', 'nan']",https://patient.info//forums/discuss/carona-virus-734491
257,"['Myasthenia Gravis, Ocular', 'Disease']",https://patient.info//forums/discuss/contracting-covid-734393
258,"['Gonorrhea', 'Geroderma osteodysplastica', 'Allergic disposition', ""Little's Disease"", 'Bronchitis', 'Simian Acquired Immunodeficiency Syndrome', 'Tired', 'Coughing', 'nan', 'nan']",https://patient.info//forums/discuss/covid-19-734097
259,"['Hypertensive disease', 'Adult Fanconi syndrome', 'Influenza', 'SHORT STATURE, IDIOPATHIC, X-LINKED', 'Dermatofibrosis lenticularis disseminata', 'Gonorrhea', 'Geroderma osteodysplastica', 'Obesity', 'Sexually Transmitted Diseases', 'WILSON-TURNER X-LINKED MENTAL RETARDATION SYNDROME', 'Oculocerebrocutaneous syndrome', 'Diabetes Mellitus', 'Lung Diseases, Obstructive', 'Asthma', 'nan', 'nan', 'nan']",https://patient.info//forums/discuss/i-m-diabetic-and-been-told-i-m-only-moderate-risk-so-not-going-to-recieve-a-shielding-letter-733795
260,"[""Little's Disease"", 'Simian Acquired Immunodeficiency Syndrome', 'Tired', 'Headache', 'Coughing']",https://patient.info//forums/discuss/covid19-734179
261,"['Influenza', 'Acute gastroenteritis', 'BODY PAIN', 'nan', 'nan', 'nan', 'nan', 'nan']",https://patient.info//forums/discuss/covid-19-734225
262,"['Gonorrhea', 'Geroderma osteodysplastica', 'Urticaria Pigmentosa', 'SHORT STATURE, IDIOPATHIC, X-LINKED', 'Cardiovascular symptoms', 'Chest tightness', 'Flare', 'nan', 'nan']",https://patient.info//forums/discuss/both-still-have-symptoms-should-we-sleep-separately--734020
263,"['Gonorrhea', 'Geroderma osteodysplastica', 'nan', 'nan']",https://patient.info//forums/discuss/covid19-734152
264,"['Hamman-Rich syndrome', 'Hepatorenal Syndrome', 'nan']",https://patient.info//forums/discuss/symptoms-734109
265,"['Gonorrhea', 'Geroderma osteodysplastica', 'Simian Acquired Immunodeficiency Syndrome', 'Chest Pain', 'Ache', 'Chest tightness', 'Coughing', 'Back Pain', 'Dyspnea', 'nan', 'nan']",https://patient.info//forums/discuss/coronavirus--733766
266,"['Gonorrhea', 'Geroderma osteodysplastica', 'Coughing']",https://patient.info//forums/discuss/covid19-733688
267,"['Obesity', 'Hypertensive disease', 'Dysosteosclerosis', 'Fish-Eye Disease', 'Diabetes Mellitus', 'Lung Diseases, Obstructive', 'Simian Acquired Immunodeficiency Syndrome', 'Acute gastroenteritis', 'AICARDI-GOUTIERES SYNDROME 1', 'Gray Platelet Syndrome', 'Excessive tearing', 'HEART PROBLEM', 'nan', 'nan', 'nan', 'nan', 'nan', 'nan']",https://patient.info//forums/discuss/covid-19-and-blood-groups-733479
268,"['Gonorrhea', 'Geroderma osteodysplastica', 'Infantile Neuroaxonal Dystrophy', 'Palmar-plantar erythrodysesthesia syndrome', 'Myopia', 'Coughing', 'Chest discomfort', 'Nervousness', 'nan', 'nan', 'nan']",https://patient.info//forums/discuss/i-m-currently-self-isolating-with-symptoms-of-covid-19-daughter-is-being-shielded-733498
269,"['Bilateral pneumonia', 'Pneumonia', 'Meningitis', 'Meningitis, Bacterial', 'Chronic Obstructive Airway Disease', 'Cystic Fibrosis', 'Coronavirus Infections', 'Gray Platelet Syndrome', 'nan']",https://patient.info//forums/discuss/previous-pneumonia-and-covid-19-733365
270,"['Respiratory Tract Infections', 'Coronavirus Infections']",https://patient.info//forums/discuss/corona-virus-733203
